issue_id,epic_id,team_id,sprint_id,issue_type,summary,assignee,story_points,created_at,release_id
1001,11,1,1,Story,Story 1001,j.tan,13,2025-09-01 00:37:35,1
1002,11,1,1,Story,Story 1002,m.okafor,5,2025-09-01 21:22:39,2
1003,11,1,1,Task,Task 1003,r.silva,,2025-09-01 09:31:56,1
1004,11,1,1,Bug,Bug 1004,m.okafor,8,2025-08-29 21:45:36,2
1005,11,1,1,Bug,Bug 1005,j.tan,8,2025-09-01 05:15:28,2
1006,10,1,1,Story,Story 1006,r.silva,13,2025-09-01 04:06:11,1
1007,11,1,1,Task,Task 1007,j.tan,5,2025-09-01 23:32:46,2
1008,10,1,1,Task,Task 1008,j.tan,8,2025-08-29 22:24:21,1
1009,10,1,1,Story,Story 1009,r.silva,8,2025-09-01 04:44:52,1
1010,10,1,1,Story,Story 1010,m.okafor,5,2025-08-29 11:14:33,1
1011,11,1,1,Bug,Bug 1011,m.okafor,2,2025-09-01 14:41:26,1
1012,11,1,1,Task,Task 1012,j.tan,8,2025-09-01 14:36:13,2
1013,12,2,1,Story,Story 1013,d.byrne,13,2025-09-02 10:52:43,2
1014,12,2,1,Story,Story 1014,d.byrne,1,2025-09-01 15:47:09,1
1015,13,2,1,Task,Task 1015,l.moreau,,2025-08-28 10:30:26,2
1016,12,2,1,Bug,Bug 1016,l.moreau,,2025-09-01 02:10:40,1
1017,13,2,1,Story,Story 1017,d.byrne,5,2025-09-01 15:03:11,2
1018,12,2,1,Bug,Bug 1018,l.moreau,,2025-09-01 12:29:13,1
1019,13,2,1,Bug,Bug 1019,d.byrne,2,2025-09-01 08:42:31,2
1020,12,2,1,Story,Story 1020,d.byrne,3,2025-09-02 15:02:50,2
1021,13,2,1,Story,Story 1021,d.byrne,,2025-08-28 19:23:15,1
1022,14,3,1,Bug,Bug 1022,s.rossi,1,2025-08-29 22:11:09,2
1023,15,3,1,Task,Task 1023,a.kowalski,2,2025-09-01 02:04:02,1
1024,14,3,1,Bug,Bug 1024,s.rossi,1,2025-08-28 23:52:11,1
1025,14,3,1,Story,Story 1025,a.kowalski,5,2025-09-01 10:09:40,1
1026,14,3,1,Story,Story 1026,s.rossi,8,2025-09-01 21:11:31,2
1027,17,5,1,Spike,Spike 1027,c.mendes,,2025-09-01 13:29:35,1
1028,17,5,1,Bug,Bug 1028,h.ozturk,8,2025-08-29 21:15:08,2
1029,16,5,1,Story,Story 1029,h.ozturk,1,2025-09-01 13:05:01,1
1030,17,5,1,Spike,Spike 1030,c.mendes,,2025-08-28 17:44:55,1
1031,17,5,1,Story,Story 1031,c.mendes,1,2025-09-01 05:03:19,2
1032,16,5,1,Story,Story 1032,h.ozturk,2,2025-09-02 12:01:12,2
1033,16,5,1,Story,Story 1033,h.ozturk,8,2025-09-01 05:58:30,2
1034,10,1,2,Bug,Bug 1034,m.okafor,5,2025-09-15 19:03:40,4
1035,10,1,2,Story,Story 1035,m.okafor,2,2025-09-12 16:11:02,4
1036,10,1,2,Bug,Bug 1036,m.okafor,5,2025-09-15 07:48:31,3
1037,10,1,2,Task,Task 1037,m.okafor,5,2025-09-15 17:32:16,3
1038,11,1,2,Story,Story 1038,m.okafor,2,2025-09-16 07:25:31,3
1039,10,1,2,Bug,Bug 1039,m.okafor,8,2025-09-15 00:19:13,3
1040,10,1,2,Story,Story 1040,j.tan,,2025-09-15 08:11:18,4
1041,10,1,2,Story,Story 1041,r.silva,13,2025-09-15 21:00:24,
1042,11,1,2,Story,Story 1042,j.tan,13,2025-09-16 20:14:58,3
1043,11,1,2,Story,Story 1043,m.okafor,5,2025-09-15 18:52:35,4
1044,11,1,2,Task,Task 1044,r.silva,,2025-09-15 17:34:45,4
1045,10,1,2,Bug,Bug 1045,j.tan,8,2025-09-15 23:07:23,3
1046,13,2,2,Bug,Bug 1046,l.moreau,8,2025-09-15 02:45:55,3
1047,12,2,2,Story,Story 1047,d.byrne,1,2025-09-15 02:25:18,3
1048,12,2,2,Bug,Bug 1048,l.moreau,3,2025-09-11 19:57:02,3
1049,12,2,2,Bug,Bug 1049,l.moreau,8,2025-09-11 10:18:10,3
1050,12,2,2,Task,Task 1050,d.byrne,2,2025-09-11 19:23:02,3
1051,14,3,2,Bug,Bug 1051,a.kowalski,,2025-09-15 23:31:22,4
1052,14,3,2,Story,Story 1052,s.rossi,8,2025-09-12 04:00:04,3
1053,14,3,2,Bug,Bug 1053,p.nair,8,2025-09-12 19:55:05,3
1054,14,3,2,Story,Story 1054,a.kowalski,5,2025-09-12 18:34:23,4
1055,15,3,2,Task,Task 1055,s.rossi,2,2025-09-15 02:09:23,4
1056,15,3,2,Bug,Bug 1056,p.nair,13,2025-09-11 20:55:18,3
1057,15,3,2,Story,Story 1057,s.rossi,1,2025-09-15 05:26:55,2
1058,14,3,2,Task,Task 1058,a.kowalski,8,2025-09-15 02:04:52,4
1059,15,3,2,Story,Story 1059,a.kowalski,3,2025-09-16 03:13:40,4
1060,15,3,2,Story,Story 1060,s.rossi,5,2025-09-16 13:04:07,5
1061,17,5,2,Story,Story 1061,c.mendes,8,2025-09-15 13:38:36,4
1062,16,5,2,Story,Story 1062,h.ozturk,5,2025-09-11 20:48:21,3
1063,16,5,2,Bug,Bug 1063,h.ozturk,8,2025-09-12 18:47:16,3
1064,17,5,2,Story,Story 1064,c.mendes,8,2025-09-15 05:47:02,4
1065,17,5,2,Story,Story 1065,c.mendes,5,2025-09-15 03:13:52,3
1066,16,5,2,Story,Story 1066,h.ozturk,3,2025-09-12 05:46:32,3
1067,17,5,2,Bug,Bug 1067,c.mendes,2,2025-09-15 19:02:38,3
1068,17,5,2,Task,Task 1068,h.ozturk,2,2025-09-15 10:36:51,4
1069,17,5,2,Story,Story 1069,c.mendes,13,2025-09-15 18:41:18,3
1070,17,5,2,Story,Story 1070,c.mendes,5,2025-09-15 18:46:38,3
1071,11,1,3,Story,Story 1071,r.silva,13,2025-09-26 21:13:24,4
1072,10,1,3,Task,Task 1072,j.tan,2,2025-09-29 21:15:15,5
1073,11,1,3,Story,Story 1073,r.silva,5,2025-09-26 21:05:33,5
1074,11,1,3,Bug,Bug 1074,r.silva,3,2025-09-29 16:44:12,5
1075,10,1,3,Task,Task 1075,j.tan,13,2025-09-29 16:08:49,
1076,11,1,3,Bug,Bug 1076,r.silva,8,2025-09-29 20:00:08,5
1077,10,1,3,Story,Story 1077,r.silva,3,2025-09-30 10:29:08,5
1078,11,1,3,Bug,Bug 1078,m.okafor,3,2025-09-29 13:33:26,5
1079,10,1,3,Task,Task 1079,j.tan,2,2025-09-26 02:33:46,5
1080,11,1,3,Story,Story 1080,r.silva,2,2025-09-26 21:29:00,5
1081,10,1,3,Task,Task 1081,r.silva,3,2025-09-29 21:46:34,5
1082,12,2,3,Story,Story 1082,l.moreau,5,2025-09-29 15:40:15,5
1083,12,2,3,Story,Story 1083,d.byrne,1,2025-09-29 09:28:49,5
1084,12,2,3,Story,Story 1084,d.byrne,2,2025-09-25 23:04:02,5
1085,13,2,3,Story,Story 1085,d.byrne,,2025-09-29 15:37:05,5
1086,13,2,3,Bug,Bug 1086,d.byrne,8,2025-09-29 08:23:43,5
1087,12,2,3,Task,Task 1087,l.moreau,5,2025-09-30 03:14:52,5
1088,12,2,3,Task,Task 1088,d.byrne,8,2025-09-25 17:01:29,5
1089,12,2,3,Bug,Bug 1089,d.byrne,5,2025-09-29 17:46:20,5
1090,15,3,3,Task,Task 1090,s.rossi,8,2025-09-29 12:44:19,5
1091,15,3,3,Story,Story 1091,p.nair,1,2025-09-30 12:11:19,5
1092,15,3,3,Task,Task 1092,a.kowalski,13,2025-09-29 20:53:07,5
1093,15,3,3,Story,Story 1093,p.nair,1,2025-10-01 00:47:56,5
1094,15,3,3,Bug,Bug 1094,s.rossi,1,2025-09-26 19:39:16,5
1095,14,3,3,Task,Task 1095,a.kowalski,1,2025-09-29 06:45:06,5
1096,14,3,3,Bug,Bug 1096,s.rossi,2,2025-09-29 01:13:23,5
1097,15,3,3,Story,Story 1097,s.rossi,13,2025-09-30 02:31:34,5
1098,17,5,3,Story,Story 1098,c.mendes,13,2025-09-29 20:10:11,5
1099,17,5,3,Bug,Bug 1099,h.ozturk,,2025-09-30 07:44:27,5
1100,16,5,3,Story,Story 1100,c.mendes,3,2025-09-29 08:46:01,5
1101,17,5,3,Bug,Bug 1101,h.ozturk,3,2025-09-29 07:43:16,
1102,16,5,3,Story,Story 1102,c.mendes,,2025-09-26 22:02:04,5
1103,16,5,3,Story,Story 1103,h.ozturk,5,2025-09-29 23:45:07,5
1104,16,5,3,Bug,Bug 1104,h.ozturk,8,2025-09-30 02:31:04,5
1105,17,5,3,Spike,Spike 1105,c.mendes,,2025-09-29 03:27:21,5
1106,16,5,3,Task,Task 1106,c.mendes,3,2025-09-29 18:48:56,5
1107,17,5,3,Bug,Bug 1107,h.ozturk,1,2025-09-29 23:01:08,5
1108,17,5,3,Story,Story 1108,h.ozturk,13,2025-09-26 00:59:00,5
1109,10,1,4,Story,Story 1109,j.tan,8,2025-10-10 11:20:40,6
1110,10,1,4,Story,Story 1110,r.silva,8,2025-10-13 20:16:02,6
1111,10,1,4,Story,Story 1111,r.silva,1,2025-10-13 05:28:31,6
1112,11,1,4,Story,Story 1112,r.silva,1,2025-10-13 23:44:16,6
1113,10,1,4,Bug,Bug 1113,j.tan,8,2025-10-09 15:04:18,6
1114,10,1,4,Story,Story 1114,r.silva,5,2025-10-14 20:28:38,
1115,10,1,4,Story,Story 1115,m.okafor,8,2025-10-13 17:23:07,6
1116,11,1,4,Bug,Bug 1116,r.silva,,2025-10-10 17:31:35,6
1117,11,1,4,Bug,Bug 1117,r.silva,,2025-10-14 14:47:05,6
1118,10,1,4,Bug,Bug 1118,r.silva,5,2025-10-13 06:46:29,6
1119,10,1,4,Task,Task 1119,j.tan,8,2025-10-14 08:44:04,7
1120,13,2,4,Bug,Bug 1120,l.moreau,3,2025-10-13 17:30:31,6
1121,12,2,4,Story,Story 1121,d.byrne,1,2025-10-13 01:25:30,6
1122,12,2,4,Story,Story 1122,d.byrne,,2025-10-13 10:23:39,6
1123,12,2,4,Story,Story 1123,l.moreau,3,2025-10-09 11:39:38,6
1124,13,2,4,Story,Story 1124,l.moreau,5,2025-10-10 10:54:23,6
1125,13,2,4,Bug,Bug 1125,d.byrne,1,2025-10-13 04:56:55,6
1126,12,2,4,Task,Task 1126,l.moreau,5,2025-10-13 11:39:04,
1127,12,2,4,Story,Story 1127,l.moreau,8,2025-10-13 19:28:47,6
1128,12,2,4,Story,Story 1128,l.moreau,8,2025-10-09 20:01:43,5
1129,13,2,4,Spike,Spike 1129,l.moreau,,2025-10-10 06:41:57,5
1130,13,2,4,Bug,Bug 1130,d.byrne,2,2025-10-13 07:19:21,6
1131,15,3,4,Story,Story 1131,a.kowalski,8,2025-10-13 17:30:12,6
1132,14,3,4,Bug,Bug 1132,a.kowalski,3,2025-10-14 16:39:00,6
1133,14,3,4,Bug,Bug 1133,p.nair,1,2025-10-10 16:43:05,6
1134,14,3,4,Story,Story 1134,p.nair,8,2025-10-10 12:20:59,6
1135,14,3,4,Task,Task 1135,p.nair,1,2025-10-13 14:36:23,6
1136,16,5,4,Story,Story 1136,c.mendes,2,2025-10-09 23:58:34,6
1137,16,5,4,Story,Story 1137,h.ozturk,,2025-10-13 20:59:42,6
1138,17,5,4,Story,Story 1138,h.ozturk,8,2025-10-10 18:52:45,6
1139,16,5,4,Story,Story 1139,h.ozturk,8,2025-10-09 10:00:58,6
1140,17,5,4,Story,Story 1140,c.mendes,1,2025-10-13 00:52:11,6
1141,17,5,4,Story,Story 1141,c.mendes,8,2025-10-14 13:51:08,6
1142,17,5,4,Task,Task 1142,c.mendes,1,2025-10-13 11:18:02,6
1143,17,5,4,Story,Story 1143,c.mendes,8,2025-10-09 23:49:46,6
1144,16,5,4,Story,Story 1144,h.ozturk,1,2025-10-14 14:08:05,6
1145,16,5,4,Bug,Bug 1145,h.ozturk,,2025-10-09 14:01:43,6
1146,17,5,4,Story,Story 1146,h.ozturk,1,2025-10-13 08:11:05,6
1147,10,1,5,Story,Story 1147,r.silva,1,2025-10-23 21:23:06,
1148,10,1,5,Task,Task 1148,r.silva,,2025-10-24 00:55:26,7
1149,11,1,5,Story,Story 1149,r.silva,2,2025-10-28 20:03:23,8
1150,11,1,5,Story,Story 1150,r.silva,5,2025-10-27 21:02:57,7
1151,10,1,5,Task,Task 1151,r.silva,5,2025-10-27 12:29:25,7
1152,10,1,5,Story,Story 1152,r.silva,13,2025-10-27 18:36:01,7
1153,11,1,5,Bug,Bug 1153,r.silva,5,2025-10-24 22:17:03,8
1154,10,1,5,Spike,Spike 1154,j.tan,,2025-10-27 13:03:35,8
1155,10,1,5,Bug,Bug 1155,j.tan,5,2025-10-27 07:18:00,
1156,11,1,5,Story,Story 1156,m.okafor,3,2025-10-27 20:44:20,8
1157,10,1,5,Task,Task 1157,r.silva,,2025-10-27 12:55:37,7
1158,11,1,5,Bug,Bug 1158,j.tan,8,2025-10-27 12:33:46,8
1159,13,2,5,Story,Story 1159,l.moreau,8,2025-10-23 14:50:22,
1160,13,2,5,Task,Task 1160,l.moreau,8,2025-10-23 10:45:19,
1161,12,2,5,Story,Story 1161,l.moreau,1,2025-10-27 23:21:15,7
1162,12,2,5,Bug,Bug 1162,d.byrne,13,2025-10-27 03:32:06,8
1163,13,2,5,Task,Task 1163,d.byrne,2,2025-10-24 09:24:03,8
1164,13,2,5,Story,Story 1164,l.moreau,8,2025-10-27 17:09:11,8
1165,12,2,5,Bug,Bug 1165,d.byrne,5,2025-10-27 13:00:07,8
1166,12,2,5,Task,Task 1166,l.moreau,5,2025-10-27 08:05:15,8
1167,13,2,5,Story,Story 1167,d.byrne,5,2025-10-27 15:10:25,8
1168,13,2,5,Story,Story 1168,l.moreau,13,2025-10-27 10:40:43,
1169,12,2,5,Bug,Bug 1169,d.byrne,1,2025-10-27 03:51:18,8
1170,13,2,5,Bug,Bug 1170,l.moreau,5,2025-10-27 16:38:06,7
1171,14,3,5,Story,Story 1171,s.rossi,13,2025-10-27 02:53:29,
1172,14,3,5,Story,Story 1172,a.kowalski,8,2025-10-24 19:45:57,8
1173,15,3,5,Story,Story 1173,s.rossi,8,2025-10-24 13:33:58,7
1174,14,3,5,Story,Story 1174,s.rossi,,2025-10-24 03:16:04,7
1175,14,3,5,Story,Story 1175,s.rossi,,2025-10-27 14:11:23,8
1176,15,3,5,Bug,Bug 1176,p.nair,2,2025-10-27 17:07:56,7
1177,14,3,5,Story,Story 1177,a.kowalski,3,2025-10-27 21:00:36,8
1178,16,5,5,Story,Story 1178,h.ozturk,5,2025-10-23 17:59:45,
1179,16,5,5,Bug,Bug 1179,h.ozturk,5,2025-10-28 14:48:11,8
1180,16,5,5,Story,Story 1180,h.ozturk,1,2025-10-27 23:44:07,
1181,16,5,5,Story,Story 1181,h.ozturk,8,2025-10-24 02:35:47,8
1182,17,5,5,Task,Task 1182,c.mendes,8,2025-10-27 10:36:49,7
1183,16,5,5,Bug,Bug 1183,h.ozturk,3,2025-10-23 23:56:37,
1184,10,1,6,Bug,Bug 1184,j.tan,8,2025-11-07 07:59:20,9
1185,10,1,6,Bug,Bug 1185,j.tan,,2025-11-06 12:47:33,9
1186,10,1,6,Story,Story 1186,m.okafor,2,2025-11-10 03:28:44,9
1187,10,1,6,Story,Story 1187,m.okafor,8,2025-11-10 17:23:47,9
1188,10,1,6,Bug,Bug 1188,j.tan,8,2025-11-10 04:05:26,9
1189,11,1,6,Story,Story 1189,m.okafor,13,2025-11-10 00:14:16,9
1190,10,1,6,Bug,Bug 1190,m.okafor,3,2025-11-10 09:52:27,9
1191,12,2,6,Task,Task 1191,d.byrne,,2025-11-10 23:49:08,9
1192,13,2,6,Story,Story 1192,d.byrne,5,2025-11-11 22:11:22,9
1193,13,2,6,Story,Story 1193,l.moreau,5,2025-11-07 11:56:39,9
1194,13,2,6,Story,Story 1194,d.byrne,,2025-11-07 07:18:57,9
1195,12,2,6,Story,Story 1195,l.moreau,8,2025-11-10 00:42:07,
1196,12,2,6,Bug,Bug 1196,l.moreau,,2025-11-10 01:18:26,10
1197,12,2,6,Story,Story 1197,d.byrne,,2025-11-10 10:17:27,9
1198,12,2,6,Spike,Spike 1198,d.byrne,,2025-11-10 16:05:34,9
1199,12,2,6,Bug,Bug 1199,d.byrne,2,2025-11-11 00:24:03,9
1200,13,2,6,Bug,Bug 1200,l.moreau,,2025-11-10 00:59:27,9
1201,13,2,6,Bug,Bug 1201,l.moreau,13,2025-11-11 16:44:13,10
1202,14,3,6,Bug,Bug 1202,p.nair,2,2025-11-10 23:52:10,
1203,14,3,6,Story,Story 1203,a.kowalski,1,2025-11-06 21:09:02,9
1204,15,3,6,Bug,Bug 1204,a.kowalski,1,2025-11-11 16:50:42,10
1205,14,3,6,Story,Story 1205,s.rossi,5,2025-11-10 15:49:24,9
1206,14,3,6,Bug,Bug 1206,a.kowalski,,2025-11-10 01:46:12,9
1207,16,5,6,Bug,Bug 1207,h.ozturk,5,2025-11-07 21:29:46,9
1208,17,5,6,Bug,Bug 1208,c.mendes,13,2025-11-10 22:46:27,10
1209,16,5,6,Task,Task 1209,c.mendes,5,2025-11-11 16:07:51,
1210,17,5,6,Task,Task 1210,c.mendes,13,2025-11-10 21:26:38,9
1211,16,5,6,Bug,Bug 1211,c.mendes,2,2025-11-10 21:29:21,9
1212,10,1,7,Bug,Bug 1212,r.silva,3,2025-11-25 14:31:57,11
1213,11,1,7,Story,Story 1213,m.okafor,3,2025-11-24 10:59:07,11
1214,11,1,7,Story,Story 1214,j.tan,,2025-11-24 07:48:27,11
1215,11,1,7,Bug,Bug 1215,j.tan,13,2025-11-24 10:19:43,11
1216,11,1,7,Task,Task 1216,r.silva,8,2025-11-21 07:48:56,11
1217,11,1,7,Story,Story 1217,r.silva,5,2025-11-24 11:53:57,11
1218,10,1,7,Bug,Bug 1218,r.silva,5,2025-11-24 14:42:14,11
1219,11,1,7,Story,Story 1219,r.silva,8,2025-11-20 12:53:37,11
1220,12,2,7,Story,Story 1220,d.byrne,2,2025-11-21 19:20:51,11
1221,13,2,7,Bug,Bug 1221,l.moreau,1,2025-11-24 15:03:45,11
1222,13,2,7,Story,Story 1222,d.byrne,5,2025-11-24 05:55:09,11
1223,12,2,7,Story,Story 1223,l.moreau,5,2025-11-24 00:04:33,11
1224,12,2,7,Task,Task 1224,l.moreau,2,2025-11-24 08:07:51,11
1225,12,2,7,Task,Task 1225,d.byrne,13,2025-11-26 00:15:27,11
1226,12,2,7,Bug,Bug 1226,d.byrne,8,2025-11-24 08:12:45,11
1227,12,2,7,Task,Task 1227,d.byrne,5,2025-11-24 22:07:39,11
1228,12,2,7,Task,Task 1228,l.moreau,3,2025-11-21 05:23:47,
1229,13,2,7,Task,Task 1229,d.byrne,13,2025-11-24 02:49:11,11
1230,13,2,7,Spike,Spike 1230,l.moreau,,2025-11-24 14:54:26,11
1231,13,2,7,Story,Story 1231,d.byrne,3,2025-11-24 21:54:52,11
1232,15,3,7,Story,Story 1232,p.nair,,2025-11-26 00:47:41,11
1233,14,3,7,Task,Task 1233,p.nair,8,2025-11-24 01:35:14,11
1234,15,3,7,Story,Story 1234,p.nair,5,2025-11-24 09:15:56,11
1235,14,3,7,Bug,Bug 1235,p.nair,2,2025-11-26 00:20:03,11
1236,14,3,7,Task,Task 1236,s.rossi,1,2025-11-24 18:13:25,11
1237,15,3,7,Story,Story 1237,s.rossi,2,2025-11-21 06:09:39,11
1238,14,3,7,Story,Story 1238,a.kowalski,2,2025-11-24 21:58:30,11
1239,14,3,7,Story,Story 1239,p.nair,,2025-11-24 02:42:38,11
1240,15,3,7,Task,Task 1240,a.kowalski,3,2025-11-24 05:55:28,10
1241,16,5,7,Story,Story 1241,c.mendes,5,2025-11-20 12:56:03,
1242,17,5,7,Story,Story 1242,c.mendes,2,2025-11-24 20:35:38,11
1243,17,5,7,Task,Task 1243,c.mendes,5,2025-11-21 10:24:01,11
1244,17,5,7,Story,Story 1244,c.mendes,8,2025-11-24 15:19:26,11
1245,17,5,7,Bug,Bug 1245,h.ozturk,,2025-11-24 07:51:45,11
1246,10,1,8,Bug,Bug 1246,r.silva,8,2025-12-09 20:15:56,14
1247,11,1,8,Bug,Bug 1247,m.okafor,2,2025-12-08 09:35:59,13
1248,10,1,8,Story,Story 1248,r.silva,2,2025-12-08 23:08:26,13
1249,10,1,8,Story,Story 1249,r.silva,3,2025-12-09 16:46:04,13
1250,10,1,8,Story,Story 1250,j.tan,,2025-12-04 12:44:11,13
1251,11,1,8,Story,Story 1251,m.okafor,8,2025-12-09 05:04:11,13
1252,10,1,8,Story,Story 1252,j.tan,5,2025-12-08 04:09:10,13
1253,12,2,8,Story,Story 1253,d.byrne,5,2025-12-08 09:50:17,13
1254,12,2,8,Bug,Bug 1254,l.moreau,5,2025-12-04 15:40:56,13
1255,13,2,8,Story,Story 1255,d.byrne,8,2025-12-08 12:56:09,13
1256,13,2,8,Task,Task 1256,d.byrne,5,2025-12-08 22:24:41,14
1257,12,2,8,Story,Story 1257,l.moreau,,2025-12-08 17:06:27,13
1258,13,2,8,Story,Story 1258,d.byrne,1,2025-12-08 07:58:57,13
1259,14,3,8,Story,Story 1259,a.kowalski,,2025-12-08 03:32:50,13
1260,15,3,8,Task,Task 1260,s.rossi,1,2025-12-05 14:10:10,14
1261,14,3,8,Bug,Bug 1261,a.kowalski,8,2025-12-08 22:48:54,13
1262,14,3,8,Story,Story 1262,s.rossi,5,2025-12-05 20:19:18,13
1263,14,3,8,Story,Story 1263,p.nair,8,2025-12-08 00:37:33,13
1264,15,3,8,Story,Story 1264,s.rossi,8,2025-12-08 12:44:19,13
1265,15,3,8,Story,Story 1265,a.kowalski,5,2025-12-04 15:32:29,12
1266,15,3,8,Spike,Spike 1266,p.nair,,2025-12-09 19:16:56,13
1267,17,5,8,Story,Story 1267,c.mendes,8,2025-12-08 23:31:52,13
1268,17,5,8,Story,Story 1268,h.ozturk,1,2025-12-09 14:20:33,13
1269,17,5,8,Bug,Bug 1269,c.mendes,8,2025-12-09 12:56:16,13
1270,16,5,8,Story,Story 1270,h.ozturk,1,2025-12-08 12:58:08,13
1271,16,5,8,Bug,Bug 1271,h.ozturk,1,2025-12-08 06:55:56,13
1272,17,5,8,Task,Task 1272,h.ozturk,8,2025-12-08 09:11:46,12
1273,17,5,8,Story,Story 1273,h.ozturk,8,2025-12-09 04:12:17,13
1274,16,5,8,Bug,Bug 1274,c.mendes,,2025-12-09 09:28:33,14
1275,11,1,9,Bug,Bug 1275,m.okafor,5,2025-12-23 05:16:13,15
1276,11,1,9,Story,Story 1276,m.okafor,1,2025-12-22 15:50:56,15
1277,11,1,9,Spike,Spike 1277,m.okafor,,2025-12-22 23:30:45,14
1278,11,1,9,Bug,Bug 1278,j.tan,8,2025-12-23 14:49:22,15
1279,10,1,9,Task,Task 1279,j.tan,3,2025-12-22 07:14:46,15
1280,11,1,9,Bug,Bug 1280,j.tan,13,2025-12-23 23:30:09,15
1281,10,1,9,Bug,Bug 1281,m.okafor,2,2025-12-22 07:28:24,14
1282,10,1,9,Task,Task 1282,m.okafor,8,2025-12-22 23:10:54,14
1283,10,1,9,Story,Story 1283,m.okafor,5,2025-12-22 23:48:17,14
1284,12,2,9,Story,Story 1284,d.byrne,8,2025-12-22 05:16:14,14
1285,13,2,9,Story,Story 1285,d.byrne,8,2025-12-22 13:06:29,15
1286,12,2,9,Story,Story 1286,d.byrne,2,2025-12-23 23:27:26,14
1287,12,2,9,Bug,Bug 1287,d.byrne,8,2025-12-22 09:15:30,15
1288,12,2,9,Story,Story 1288,l.moreau,8,2025-12-18 13:26:56,
1289,12,2,9,Bug,Bug 1289,l.moreau,8,2025-12-19 21:48:33,15
1290,12,2,9,Spike,Spike 1290,l.moreau,,2025-12-22 08:09:50,15
1291,12,2,9,Story,Story 1291,l.moreau,2,2025-12-23 12:42:40,15
1292,13,2,9,Story,Story 1292,l.moreau,8,2025-12-22 10:11:15,14
1293,12,2,9,Story,Story 1293,d.byrne,8,2025-12-23 05:10:44,15
1294,15,3,9,Story,Story 1294,p.nair,3,2025-12-18 20:43:03,14
1295,14,3,9,Spike,Spike 1295,s.rossi,,2025-12-18 18:15:16,14
1296,15,3,9,Story,Story 1296,p.nair,5,2025-12-22 09:58:05,14
1297,15,3,9,Story,Story 1297,a.kowalski,1,2025-12-22 10:08:35,15
1298,14,3,9,Story,Story 1298,s.rossi,8,2025-12-23 14:10:00,15
1299,15,3,9,Story,Story 1299,p.nair,1,2025-12-19 16:36:23,14
1300,15,3,9,Story,Story 1300,a.kowalski,13,2025-12-23 03:53:22,14
1301,17,5,9,Bug,Bug 1301,h.ozturk,5,2025-12-22 23:12:19,15
1302,17,5,9,Story,Story 1302,h.ozturk,1,2025-12-18 20:59:43,14
1303,17,5,9,Story,Story 1303,h.ozturk,,2025-12-19 03:42:30,14
1304,17,5,9,Bug,Bug 1304,h.ozturk,3,2025-12-18 20:25:36,16
1305,16,5,9,Story,Story 1305,h.ozturk,1,2025-12-22 23:54:16,16
1306,16,5,9,Spike,Spike 1306,c.mendes,,2025-12-23 14:59:50,15
1307,16,5,9,Story,Story 1307,c.mendes,1,2025-12-22 11:35:20,14
1308,17,5,9,Bug,Bug 1308,c.mendes,,2025-12-22 12:30:20,15
1309,17,5,9,Story,Story 1309,h.ozturk,5,2025-12-22 06:20:27,14
1310,17,5,9,Bug,Bug 1310,c.mendes,3,2025-12-19 07:49:25,14
1311,16,5,9,Story,Story 1311,c.mendes,1,2025-12-19 15:19:59,15
1312,11,1,10,Task,Task 1312,j.tan,5,2026-01-05 21:41:42,16
1313,11,1,10,Story,Story 1313,j.tan,8,2026-01-01 18:00:53,16
1314,11,1,10,Bug,Bug 1314,j.tan,8,2026-01-05 17:48:38,16
1315,10,1,10,Story,Story 1315,m.okafor,5,2026-01-02 14:59:33,16
1316,11,1,10,Task,Task 1316,m.okafor,,2026-01-05 14:28:29,16
1317,10,1,10,Story,Story 1317,j.tan,5,2026-01-06 20:45:45,17
1318,10,1,10,Bug,Bug 1318,r.silva,1,2026-01-06 06:41:48,17
1319,10,1,10,Story,Story 1319,j.tan,8,2026-01-05 11:42:32,
1320,11,1,10,Bug,Bug 1320,r.silva,,2026-01-05 13:35:22,16
1321,11,1,10,Story,Story 1321,j.tan,3,2026-01-05 06:14:56,16
1322,10,1,10,Story,Story 1322,j.tan,5,2026-01-06 14:03:16,16
1323,11,1,10,Bug,Bug 1323,r.silva,5,2026-01-05 08:04:49,16
1324,12,2,10,Story,Story 1324,d.byrne,2,2026-01-05 07:09:28,16
1325,13,2,10,Story,Story 1325,d.byrne,1,2026-01-05 01:25:38,
1326,13,2,10,Task,Task 1326,l.moreau,8,2026-01-02 03:14:39,16
1327,12,2,10,Story,Story 1327,l.moreau,8,2026-01-02 17:06:26,16
1328,12,2,10,Task,Task 1328,l.moreau,5,2026-01-05 11:56:58,16
1329,13,2,10,Story,Story 1329,d.byrne,8,2026-01-06 16:50:56,
1330,13,2,10,Bug,Bug 1330,l.moreau,13,2026-01-01 11:13:44,16
1331,13,2,10,Story,Story 1331,l.moreau,8,2026-01-02 06:15:48,16
1332,12,2,10,Bug,Bug 1332,l.moreau,8,2026-01-02 06:30:47,16
1333,15,3,10,Bug,Bug 1333,a.kowalski,1,2026-01-01 11:56:19,16
1334,14,3,10,Story,Story 1334,s.rossi,5,2026-01-02 01:46:48,16
1335,14,3,10,Task,Task 1335,s.rossi,5,2026-01-05 19:16:29,16
1336,14,3,10,Story,Story 1336,a.kowalski,1,2026-01-05 12:37:17,16
1337,14,3,10,Bug,Bug 1337,s.rossi,3,2026-01-05 06:54:17,16
1338,14,3,10,Story,Story 1338,s.rossi,1,2026-01-01 20:08:40,16
1339,14,3,10,Story,Story 1339,p.nair,13,2026-01-05 20:38:35,16
1340,15,3,10,Story,Story 1340,a.kowalski,5,2026-01-06 19:22:24,16
1341,14,3,10,Story,Story 1341,a.kowalski,5,2026-01-05 06:43:26,16
1342,14,3,10,Story,Story 1342,s.rossi,5,2026-01-05 09:00:51,16
1343,15,3,10,Bug,Bug 1343,s.rossi,,2026-01-05 19:02:25,16
1344,17,5,10,Story,Story 1344,c.mendes,2,2026-01-05 23:40:16,16
1345,17,5,10,Bug,Bug 1345,h.ozturk,5,2026-01-05 18:16:17,16
1346,16,5,10,Bug,Bug 1346,h.ozturk,13,2026-01-05 04:48:32,16
1347,16,5,10,Bug,Bug 1347,c.mendes,5,2026-01-02 13:24:20,16
1348,16,5,10,Story,Story 1348,c.mendes,1,2026-01-05 14:51:49,16
1349,16,5,10,Story,Story 1349,h.ozturk,3,2026-01-02 19:02:01,16
1350,10,1,11,Bug,Bug 1350,m.okafor,1,2026-01-19 18:59:53,18
1351,11,1,11,Story,Story 1351,j.tan,8,2026-01-19 14:52:26,17
1352,10,1,11,Story,Story 1352,r.silva,13,2026-01-21 00:47:19,18
1353,10,1,11,Story,Story 1353,m.okafor,2,2026-01-20 00:00:13,19
1354,10,1,11,Bug,Bug 1354,r.silva,8,2026-01-19 16:46:38,18
1355,10,1,11,Task,Task 1355,j.tan,8,2026-01-19 00:46:03,17
1356,12,2,11,Story,Story 1356,l.moreau,8,2026-01-16 22:08:30,
1357,13,2,11,Bug,Bug 1357,l.moreau,5,2026-01-19 19:46:14,18
1358,12,2,11,Story,Story 1358,l.moreau,8,2026-01-19 20:41:27,17
1359,13,2,11,Story,Story 1359,d.byrne,2,2026-01-20 10:34:52,19
1360,12,2,11,Bug,Bug 1360,d.byrne,8,2026-01-19 05:05:35,17
1361,12,2,11,Bug,Bug 1361,l.moreau,,2026-01-15 10:04:47,17
1362,13,2,11,Task,Task 1362,l.moreau,1,2026-01-16 23:58:42,19
1363,13,2,11,Bug,Bug 1363,d.byrne,8,2026-01-19 10:52:11,18
1364,12,2,11,Story,Story 1364,d.byrne,5,2026-01-19 12:44:44,18
1365,15,4,11,Task,Task 1365,s.rossi,5,2026-01-15 21:51:10,17
1366,14,4,11,Bug,Bug 1366,a.kowalski,2,2026-01-16 20:07:59,17
1367,15,4,11,Story,Story 1367,p.nair,,2026-01-16 20:59:47,17
1368,15,4,11,Story,Story 1368,a.kowalski,1,2026-01-19 08:15:45,18
1369,15,4,11,Bug,Bug 1369,s.rossi,8,2026-01-19 03:52:59,18
1370,14,4,11,Task,Task 1370,p.nair,5,2026-01-19 18:40:12,18
1371,15,4,11,Story,Story 1371,p.nair,5,2026-01-19 02:33:00,18
1372,14,4,11,Bug,Bug 1372,s.rossi,1,2026-01-19 18:26:55,18
1373,16,5,11,Task,Task 1373,c.mendes,5,2026-01-19 06:36:07,17
1374,16,5,11,Task,Task 1374,h.ozturk,3,2026-01-19 21:12:56,18
1375,16,5,11,Bug,Bug 1375,c.mendes,8,2026-01-19 10:34:13,17
1376,16,5,11,Story,Story 1376,c.mendes,5,2026-01-19 23:24:46,17
1377,16,5,11,Bug,Bug 1377,h.ozturk,1,2026-01-16 22:53:58,17
1378,17,5,11,Bug,Bug 1378,h.ozturk,2,2026-01-19 12:04:18,17
1379,17,5,11,Story,Story 1379,c.mendes,8,2026-01-20 21:07:35,18
1380,16,5,11,Story,Story 1380,h.ozturk,8,2026-01-19 18:40:57,18
1381,16,5,11,Story,Story 1381,h.ozturk,5,2026-01-19 08:22:51,18
1382,16,5,11,Story,Story 1382,h.ozturk,,2026-01-16 20:14:15,18
1383,10,1,12,Bug,Bug 1383,m.okafor,3,2026-02-02 22:48:35,19
1384,11,1,12,Task,Task 1384,r.silva,8,2026-01-30 06:15:31,19
1385,10,1,12,Story,Story 1385,m.okafor,5,2026-01-30 16:50:29,19
1386,10,1,12,Story,Story 1386,j.tan,8,2026-02-03 16:01:32,20
1387,10,1,12,Story,Story 1387,j.tan,8,2026-01-29 21:32:22,19
1388,11,1,12,Bug,Bug 1388,r.silva,13,2026-01-29 16:05:06,19
1389,10,1,12,Bug,Bug 1389,m.okafor,1,2026-02-02 11:40:55,19
1390,11,1,12,Story,Story 1390,m.okafor,8,2026-02-03 08:22:30,20
1391,11,1,12,Story,Story 1391,r.silva,,2026-01-29 20:11:53,19
1392,10,1,12,Bug,Bug 1392,j.tan,1,2026-02-02 00:09:58,19
1393,11,1,12,Task,Task 1393,r.silva,,2026-02-03 23:54:40,19
1394,10,1,12,Story,Story 1394,r.silva,8,2026-02-02 15:33:05,19
1395,13,2,12,Task,Task 1395,l.moreau,2,2026-02-02 18:46:05,19
1396,13,2,12,Story,Story 1396,d.byrne,2,2026-02-02 05:13:03,19
1397,12,2,12,Bug,Bug 1397,d.byrne,2,2026-02-02 17:43:32,19
1398,13,2,12,Task,Task 1398,l.moreau,5,2026-02-02 16:09:21,20
1399,12,2,12,Bug,Bug 1399,d.byrne,5,2026-02-02 20:07:31,20
1400,15,4,12,Bug,Bug 1400,s.rossi,5,2026-01-29 22:40:54,19
1401,14,4,12,Task,Task 1401,p.nair,2,2026-02-03 01:09:38,19
1402,14,4,12,Story,Story 1402,a.kowalski,8,2026-02-02 17:12:03,19
1403,14,4,12,Bug,Bug 1403,p.nair,,2026-02-02 02:00:11,19
1404,14,4,12,Bug,Bug 1404,s.rossi,1,2026-01-29 23:44:49,19
1405,14,4,12,Bug,Bug 1405,p.nair,3,2026-01-30 12:28:09,19
1406,14,4,12,Task,Task 1406,s.rossi,3,2026-01-29 18:05:48,19
1407,15,4,12,Story,Story 1407,a.kowalski,8,2026-01-29 13:06:19,19
1408,14,4,12,Story,Story 1408,s.rossi,8,2026-02-02 02:15:15,20
1409,15,4,12,Story,Story 1409,p.nair,2,2026-02-03 14:17:07,20
1410,16,5,12,Bug,Bug 1410,h.ozturk,13,2026-02-02 08:45:15,19
1411,17,5,12,Story,Story 1411,h.ozturk,13,2026-02-02 21:47:44,19
1412,17,5,12,Story,Story 1412,h.ozturk,,2026-02-02 13:11:24,20
1413,16,5,12,Task,Task 1413,h.ozturk,5,2026-01-29 16:32:43,19
1414,17,5,12,Story,Story 1414,c.mendes,8,2026-01-29 14:22:28,19
1415,16,5,12,Story,Story 1415,c.mendes,8,2026-02-02 14:48:17,19
1416,17,5,12,Task,Task 1416,c.mendes,13,2026-02-02 17:30:13,19
1417,16,5,12,Bug,Bug 1417,c.mendes,8,2026-02-02 21:16:29,19
1418,17,5,12,Story,Story 1418,c.mendes,1,2026-02-02 17:29:59,20
1419,10,1,13,Story,Story 1419,r.silva,2,2026-02-18 00:58:39,
1420,11,1,13,Story,Story 1420,r.silva,3,2026-02-13 01:35:07,21
1421,11,1,13,Task,Task 1421,m.okafor,8,2026-02-16 01:23:35,22
1422,10,1,13,Story,Story 1422,r.silva,5,2026-02-17 14:46:57,21
1423,10,1,13,Story,Story 1423,r.silva,3,2026-02-12 19:49:25,21
1424,10,1,13,Bug,Bug 1424,m.okafor,8,2026-02-13 16:33:53,21
1425,10,1,13,Story,Story 1425,m.okafor,3,2026-02-16 18:48:18,21
1426,11,1,13,Bug,Bug 1426,j.tan,5,2026-02-16 06:30:45,
1427,11,1,13,Task,Task 1427,m.okafor,13,2026-02-16 20:43:06,21
1428,10,1,13,Bug,Bug 1428,r.silva,2,2026-02-16 02:19:09,21
1429,13,2,13,Story,Story 1429,l.moreau,2,2026-02-13 18:55:43,21
1430,12,2,13,Story,Story 1430,l.moreau,8,2026-02-17 23:41:26,21
1431,13,2,13,Story,Story 1431,l.moreau,,2026-02-16 09:36:09,21
1432,13,2,13,Story,Story 1432,l.moreau,3,2026-02-12 23:31:10,21
1433,12,2,13,Bug,Bug 1433,l.moreau,3,2026-02-16 11:47:03,21
1434,15,4,13,Story,Story 1434,a.kowalski,2,2026-02-16 15:43:41,21
1435,14,4,13,Bug,Bug 1435,a.kowalski,8,2026-02-17 20:58:06,22
1436,15,4,13,Bug,Bug 1436,a.kowalski,,2026-02-16 07:54:08,21
1437,14,4,13,Story,Story 1437,p.nair,2,2026-02-17 10:08:49,20
1438,15,4,13,Bug,Bug 1438,s.rossi,2,2026-02-16 13:16:08,21
1439,14,4,13,Bug,Bug 1439,s.rossi,5,2026-02-17 11:22:21,20
1440,15,4,13,Task,Task 1440,p.nair,,2026-02-16 01:34:10,21
1441,14,4,13,Story,Story 1441,a.kowalski,2,2026-02-16 17:22:07,21
1442,16,5,13,Bug,Bug 1442,h.ozturk,2,2026-02-17 23:10:36,21
1443,17,5,13,Story,Story 1443,c.mendes,8,2026-02-16 05:54:42,
1444,16,5,13,Story,Story 1444,h.ozturk,13,2026-02-16 20:28:43,21
1445,17,5,13,Story,Story 1445,h.ozturk,8,2026-02-17 07:25:17,21
1446,16,5,13,Bug,Bug 1446,c.mendes,8,2026-02-16 00:50:07,21
1447,17,5,13,Bug,Bug 1447,h.ozturk,5,2026-02-17 07:03:15,21
1448,17,5,13,Task,Task 1448,h.ozturk,5,2026-02-12 12:38:32,21
1449,10,1,14,Story,Story 1449,j.tan,5,2026-03-02 13:55:50,23
1450,10,1,14,Bug,Bug 1450,m.okafor,,2026-02-27 04:14:22,22
1451,10,1,14,Story,Story 1451,m.okafor,8,2026-02-26 21:34:19,23
1452,11,1,14,Story,Story 1452,r.silva,13,2026-02-27 23:36:08,22
1453,11,1,14,Story,Story 1453,r.silva,13,2026-03-02 14:05:52,
1454,11,1,14,Story,Story 1454,m.okafor,8,2026-03-02 09:02:02,23
1455,13,2,14,Bug,Bug 1455,d.byrne,8,2026-03-03 07:48:49,23
1456,12,2,14,Task,Task 1456,l.moreau,5,2026-03-02 10:50:46,
1457,13,2,14,Task,Task 1457,l.moreau,5,2026-02-27 02:50:25,22
1458,12,2,14,Bug,Bug 1458,d.byrne,3,2026-03-03 12:00:05,23
1459,13,2,14,Story,Story 1459,d.byrne,8,2026-02-27 02:10:27,23
1460,12,2,14,Bug,Bug 1460,l.moreau,5,2026-02-27 17:34:01,23
1461,12,2,14,Story,Story 1461,d.byrne,13,2026-03-02 07:47:40,23
1462,13,2,14,Bug,Bug 1462,d.byrne,2,2026-03-02 07:23:34,23
1463,12,2,14,Story,Story 1463,d.byrne,8,2026-03-03 17:41:52,23
1464,12,2,14,Story,Story 1464,l.moreau,,2026-02-26 17:37:16,22
1465,12,2,14,Bug,Bug 1465,d.byrne,8,2026-03-02 15:44:38,
1466,13,2,14,Spike,Spike 1466,d.byrne,,2026-03-02 18:48:48,23
1467,15,4,14,Story,Story 1467,p.nair,2,2026-03-02 20:20:35,22
1468,15,4,14,Bug,Bug 1468,a.kowalski,8,2026-03-03 21:53:01,22
1469,15,4,14,Task,Task 1469,p.nair,13,2026-03-02 02:57:01,22
1470,15,4,14,Story,Story 1470,s.rossi,,2026-03-03 04:50:36,23
1471,14,4,14,Bug,Bug 1471,p.nair,,2026-03-02 09:32:22,23
1472,14,4,14,Spike,Spike 1472,p.nair,,2026-02-27 00:44:40,22
1473,15,4,14,Bug,Bug 1473,s.rossi,,2026-02-26 19:06:17,22
1474,15,4,14,Story,Story 1474,a.kowalski,5,2026-02-27 04:25:23,22
1475,14,4,14,Story,Story 1475,p.nair,5,2026-02-27 15:09:13,22
1476,14,4,14,Story,Story 1476,s.rossi,8,2026-02-26 14:03:19,22
1477,16,5,14,Task,Task 1477,c.mendes,5,2026-03-02 19:24:36,22
1478,16,5,14,Story,Story 1478,c.mendes,5,2026-02-27 02:45:00,23
1479,17,5,14,Bug,Bug 1479,c.mendes,1,2026-03-02 02:16:46,23
1480,16,5,14,Story,Story 1480,h.ozturk,8,2026-02-26 14:17:57,22
1481,16,5,14,Story,Story 1481,h.ozturk,,2026-03-02 09:00:49,23
1482,16,5,14,Bug,Bug 1482,c.mendes,8,2026-03-02 20:40:53,
1483,16,5,14,Story,Story 1483,h.ozturk,1,2026-02-27 06:33:18,22
1484,16,5,14,Bug,Bug 1484,c.mendes,3,2026-03-03 20:36:32,23
1485,17,5,14,Bug,Bug 1485,h.ozturk,5,2026-03-02 01:32:34,
1486,16,5,14,Spike,Spike 1486,h.ozturk,,2026-03-02 13:53:27,23
1487,11,1,15,Story,Story 1487,r.silva,2,2026-03-16 01:18:20,24
1488,10,1,15,Bug,Bug 1488,r.silva,2,2026-03-16 21:56:36,24
1489,11,1,15,Story,Story 1489,j.tan,8,2026-03-16 23:14:21,25
1490,11,1,15,Story,Story 1490,m.okafor,2,2026-03-12 19:56:45,25
1491,11,1,15,Story,Story 1491,j.tan,3,2026-03-16 18:33:13,
1492,11,1,15,Story,Story 1492,j.tan,1,2026-03-13 08:24:42,23
1493,11,1,15,Bug,Bug 1493,j.tan,8,2026-03-12 11:47:26,23
1494,11,1,15,Story,Story 1494,m.okafor,3,2026-03-17 08:15:01,24
1495,12,2,15,Task,Task 1495,d.byrne,1,2026-03-12 14:09:41,24
1496,13,2,15,Story,Story 1496,l.moreau,13,2026-03-17 03:54:52,
1497,12,2,15,Task,Task 1497,l.moreau,5,2026-03-13 12:03:04,
1498,13,2,15,Story,Story 1498,d.byrne,8,2026-03-17 17:49:06,25
1499,12,2,15,Bug,Bug 1499,l.moreau,3,2026-03-16 17:43:34,25
1500,13,2,15,Story,Story 1500,l.moreau,1,2026-03-13 01:30:40,23
1501,12,2,15,Task,Task 1501,d.byrne,1,2026-03-16 03:50:34,24
1502,12,2,15,Story,Story 1502,d.byrne,,2026-03-12 15:21:25,23
1503,13,2,15,Bug,Bug 1503,l.moreau,5,2026-03-16 00:43:07,24
1504,12,2,15,Story,Story 1504,l.moreau,3,2026-03-17 10:54:05,24
1505,12,2,15,Task,Task 1505,d.byrne,8,2026-03-17 16:56:24,25
1506,13,2,15,Task,Task 1506,l.moreau,1,2026-03-13 18:28:06,24
1507,14,4,15,Bug,Bug 1507,p.nair,1,2026-03-16 03:33:32,24
1508,14,4,15,Task,Task 1508,a.kowalski,5,2026-03-16 21:01:30,24
1509,14,4,15,Story,Story 1509,p.nair,13,2026-03-12 09:06:25,23
1510,14,4,15,Story,Story 1510,p.nair,8,2026-03-16 11:20:52,25
1511,15,4,15,Bug,Bug 1511,p.nair,5,2026-03-13 16:35:12,24
1512,14,4,15,Task,Task 1512,a.kowalski,,2026-03-13 02:26:28,24
1513,15,4,15,Story,Story 1513,p.nair,2,2026-03-16 14:43:22,24
1514,15,4,15,Story,Story 1514,s.rossi,3,2026-03-12 21:24:25,24
1515,15,4,15,Story,Story 1515,s.rossi,2,2026-03-16 17:50:46,24
1516,14,4,15,Bug,Bug 1516,p.nair,8,2026-03-13 18:02:14,25
1517,15,4,15,Spike,Spike 1517,a.kowalski,,2026-03-13 15:21:18,23
1518,15,4,15,Story,Story 1518,p.nair,3,2026-03-12 21:13:41,23
1519,17,5,15,Story,Story 1519,h.ozturk,3,2026-03-13 00:11:46,24
1520,17,5,15,Story,Story 1520,h.ozturk,13,2026-03-17 14:28:59,25
1521,16,5,15,Task,Task 1521,c.mendes,5,2026-03-13 23:27:30,25
1522,16,5,15,Story,Story 1522,c.mendes,5,2026-03-13 05:43:54,24
1523,17,5,15,Story,Story 1523,h.ozturk,5,2026-03-13 03:59:40,24
1524,16,5,15,Story,Story 1524,c.mendes,5,2026-03-13 15:19:53,24
1525,17,5,15,Story,Story 1525,c.mendes,5,2026-03-17 02:40:42,24
1526,16,5,15,Bug,Bug 1526,h.ozturk,8,2026-03-16 06:13:45,24
1527,10,1,16,Task,Task 1527,r.silva,5,2026-03-30 18:19:18,26
1528,10,1,16,Story,Story 1528,r.silva,8,2026-03-30 13:40:44,26
1529,11,1,16,Story,Story 1529,m.okafor,8,2026-03-30 21:41:37,26
1530,10,1,16,Story,Story 1530,j.tan,2,2026-03-26 09:22:52,26
1531,11,1,16,Story,Story 1531,m.okafor,5,2026-03-30 10:36:40,26
1532,10,1,16,Task,Task 1532,r.silva,5,2026-03-30 04:40:54,26
1533,10,1,16,Bug,Bug 1533,j.tan,1,2026-03-30 07:28:55,26
1534,11,1,16,Story,Story 1534,j.tan,,2026-03-30 08:17:55,26
1535,11,1,16,Story,Story 1535,r.silva,13,2026-03-31 11:55:09,26
1536,12,2,16,Bug,Bug 1536,d.byrne,5,2026-03-30 04:23:41,26
1537,13,2,16,Bug,Bug 1537,d.byrne,3,2026-03-30 20:48:57,26
1538,13,2,16,Bug,Bug 1538,l.moreau,5,2026-03-31 00:29:07,26
1539,12,2,16,Bug,Bug 1539,d.byrne,3,2026-03-27 20:21:00,26
1540,13,2,16,Story,Story 1540,d.byrne,1,2026-03-31 00:39:02,26
1541,13,2,16,Story,Story 1541,d.byrne,2,2026-03-26 23:42:50,25
1542,12,2,16,Bug,Bug 1542,d.byrne,5,2026-03-31 22:19:22,26
1543,13,2,16,Bug,Bug 1543,l.moreau,8,2026-03-30 18:02:00,26
1544,12,2,16,Bug,Bug 1544,d.byrne,2,2026-03-30 10:47:28,26
1545,15,4,16,Story,Story 1545,p.nair,8,2026-03-30 03:40:20,26
1546,15,4,16,Bug,Bug 1546,s.rossi,2,2026-03-27 23:50:14,26
1547,15,4,16,Task,Task 1547,s.rossi,1,2026-03-30 12:28:08,26
1548,15,4,16,Task,Task 1548,p.nair,1,2026-03-26 12:52:13,25
1549,15,4,16,Task,Task 1549,p.nair,5,2026-03-30 12:20:58,26
1550,17,5,16,Task,Task 1550,h.ozturk,8,2026-03-31 17:16:27,26
1551,17,5,16,Story,Story 1551,c.mendes,,2026-04-01 00:39:57,26
1552,17,5,16,Story,Story 1552,c.mendes,5,2026-03-30 09:27:19,
1553,16,5,16,Story,Story 1553,h.ozturk,8,2026-03-31 07:42:05,26
1554,17,5,16,Bug,Bug 1554,h.ozturk,5,2026-03-27 08:37:11,26
1555,16,5,16,Story,Story 1555,h.ozturk,,2026-03-30 17:38:50,26
1556,17,5,16,Story,Story 1556,h.ozturk,13,2026-03-30 14:29:30,26
1557,11,1,17,Task,Task 1557,j.tan,,2026-04-14 12:01:42,27
1558,11,1,17,Story,Story 1558,m.okafor,5,2026-04-14 12:56:36,28
1559,10,1,17,Task,Task 1559,j.tan,1,2026-04-13 01:05:19,27
1560,10,1,17,Story,Story 1560,j.tan,1,2026-04-13 20:15:10,27
1561,11,1,17,Story,Story 1561,m.okafor,,2026-04-09 11:17:47,
1562,10,1,17,Task,Task 1562,r.silva,1,2026-04-13 20:16:36,27
1563,11,1,17,Spike,Spike 1563,j.tan,,2026-04-13 08:32:15,27
1564,11,1,17,Bug,Bug 1564,r.silva,3,2026-04-09 15:12:41,26
1565,11,1,17,Story,Story 1565,j.tan,8,2026-04-13 01:51:32,27
1566,10,1,17,Story,Story 1566,m.okafor,3,2026-04-10 12:12:33,27
1567,10,1,17,Story,Story 1567,j.tan,8,2026-04-13 18:57:07,
1568,12,2,17,Bug,Bug 1568,d.byrne,3,2026-04-14 05:26:34,27
1569,12,2,17,Story,Story 1569,l.moreau,8,2026-04-14 11:26:39,27
1570,13,2,17,Story,Story 1570,d.byrne,5,2026-04-14 03:15:23,27
1571,12,2,17,Task,Task 1571,d.byrne,,2026-04-13 22:08:04,27
1572,12,2,17,Story,Story 1572,l.moreau,2,2026-04-14 08:33:33,27
1573,13,2,17,Bug,Bug 1573,l.moreau,13,2026-04-10 18:00:17,27
1574,12,2,17,Story,Story 1574,l.moreau,13,2026-04-13 07:43:36,27
1575,13,2,17,Bug,Bug 1575,l.moreau,8,2026-04-09 15:11:15,27
1576,13,2,17,Story,Story 1576,d.byrne,8,2026-04-14 19:54:58,27
1577,13,2,17,Bug,Bug 1577,l.moreau,8,2026-04-13 20:05:33,27
1578,14,4,17,Bug,Bug 1578,p.nair,8,2026-04-13 18:31:47,27
1579,14,4,17,Story,Story 1579,a.kowalski,2,2026-04-13 18:07:30,27
1580,15,4,17,Task,Task 1580,s.rossi,8,2026-04-13 00:57:52,27
1581,15,4,17,Story,Story 1581,s.rossi,13,2026-04-10 09:23:24,27
1582,15,4,17,Story,Story 1582,a.kowalski,3,2026-04-13 01:05:45,27
1583,14,4,17,Task,Task 1583,p.nair,2,2026-04-13 03:09:29,
1584,14,4,17,Story,Story 1584,s.rossi,5,2026-04-13 11:32:39,27
1585,15,4,17,Task,Task 1585,s.rossi,2,2026-04-13 03:34:30,27
1586,15,4,17,Spike,Spike 1586,a.kowalski,,2026-04-13 20:07:13,
1587,15,4,17,Story,Story 1587,a.kowalski,13,2026-04-13 01:54:08,27
1588,17,5,17,Bug,Bug 1588,h.ozturk,8,2026-04-13 11:33:17,
1589,16,5,17,Bug,Bug 1589,c.mendes,8,2026-04-10 08:28:10,27
1590,16,5,17,Story,Story 1590,h.ozturk,,2026-04-13 12:27:52,27
1591,17,5,17,Bug,Bug 1591,c.mendes,8,2026-04-13 14:37:36,27
1592,16,5,17,Story,Story 1592,h.ozturk,13,2026-04-13 05:26:34,27
1593,16,5,17,Story,Story 1593,c.mendes,1,2026-04-14 07:52:49,27
1594,16,5,17,Story,Story 1594,h.ozturk,13,2026-04-13 20:55:19,27
1595,16,5,17,Bug,Bug 1595,c.mendes,13,2026-04-14 05:11:38,27
1596,16,5,17,Story,Story 1596,h.ozturk,8,2026-04-13 18:55:48,27
1597,16,5,17,Task,Task 1597,h.ozturk,3,2026-04-13 05:01:03,27
1598,16,5,17,Story,Story 1598,c.mendes,8,2026-04-09 20:57:11,27
1599,10,1,18,Task,Task 1599,m.okafor,8,2026-04-23 10:08:39,28
1600,11,1,18,Bug,Bug 1600,r.silva,13,2026-04-27 22:01:35,
1601,11,1,18,Story,Story 1601,j.tan,3,2026-04-28 07:46:09,28
1602,10,1,18,Story,Story 1602,m.okafor,1,2026-04-24 05:16:47,27
1603,10,1,18,Task,Task 1603,m.okafor,5,2026-04-28 06:24:25,28
1604,10,1,18,Bug,Bug 1604,m.okafor,5,2026-04-27 22:54:04,28
1605,10,1,18,Story,Story 1605,r.silva,13,2026-04-27 00:20:21,28
1606,10,1,18,Task,Task 1606,j.tan,5,2026-04-24 04:50:42,28
1607,11,1,18,Story,Story 1607,j.tan,3,2026-04-23 11:48:24,28
1608,11,1,18,Story,Story 1608,r.silva,5,2026-04-23 11:21:36,27
1609,11,1,18,Task,Task 1609,j.tan,8,2026-04-24 23:06:31,28
1610,11,1,18,Story,Story 1610,j.tan,5,2026-04-23 16:58:39,28
1611,13,2,18,Story,Story 1611,l.moreau,2,2026-04-27 16:22:54,28
1612,12,2,18,Story,Story 1612,d.byrne,5,2026-04-27 14:45:22,28
1613,13,2,18,Story,Story 1613,l.moreau,,2026-04-27 13:22:49,28
1614,13,2,18,Story,Story 1614,l.moreau,2,2026-04-27 13:46:03,28
1615,13,2,18,Story,Story 1615,d.byrne,5,2026-04-24 06:36:07,28
1616,13,2,18,Story,Story 1616,l.moreau,1,2026-04-27 13:27:10,28
1617,13,2,18,Story,Story 1617,d.byrne,5,2026-04-24 03:58:13,28
1618,12,2,18,Story,Story 1618,d.byrne,,2026-04-27 18:26:34,28
1619,12,2,18,Bug,Bug 1619,l.moreau,8,2026-04-27 16:42:24,28
1620,12,2,18,Task,Task 1620,d.byrne,8,2026-04-24 04:16:20,28
1621,13,2,18,Task,Task 1621,d.byrne,5,2026-04-27 02:11:50,28
1622,14,4,18,Story,Story 1622,s.rossi,1,2026-04-24 18:13:09,28
1623,15,4,18,Task,Task 1623,s.rossi,3,2026-04-24 13:23:08,28
1624,15,4,18,Bug,Bug 1624,a.kowalski,,2026-04-23 23:41:01,28
1625,14,4,18,Story,Story 1625,s.rossi,8,2026-04-27 16:23:18,29
1626,15,4,18,Story,Story 1626,a.kowalski,2,2026-04-24 23:32:45,29
1627,14,4,18,Story,Story 1627,p.nair,1,2026-04-27 22:26:40,
1628,14,4,18,Story,Story 1628,a.kowalski,8,2026-04-23 12:50:47,28
1629,15,4,18,Task,Task 1629,p.nair,2,2026-04-27 21:55:05,29
1630,15,4,18,Task,Task 1630,p.nair,,2026-04-28 16:53:15,28
1631,14,4,18,Bug,Bug 1631,s.rossi,2,2026-04-23 22:13:39,28
1632,17,5,18,Task,Task 1632,c.mendes,13,2026-04-24 15:37:37,28
1633,17,5,18,Story,Story 1633,h.ozturk,13,2026-04-27 21:43:09,28
1634,16,5,18,Story,Story 1634,h.ozturk,5,2026-04-27 07:57:22,28
1635,17,5,18,Bug,Bug 1635,c.mendes,2,2026-04-28 18:57:32,29
1636,16,5,18,Story,Story 1636,c.mendes,1,2026-04-27 15:29:39,28
1637,17,5,18,Story,Story 1637,h.ozturk,3,2026-04-27 00:29:00,28
1638,11,1,19,Task,Task 1638,j.tan,8,2026-05-11 14:17:36,30
1639,10,1,19,Bug,Bug 1639,m.okafor,5,2026-05-08 10:08:08,30
1640,10,1,19,Story,Story 1640,j.tan,2,2026-05-12 03:22:05,30
1641,11,1,19,Task,Task 1641,j.tan,1,2026-05-11 11:45:34,30
1642,11,1,19,Bug,Bug 1642,m.okafor,8,2026-05-08 19:36:46,29
1643,11,1,19,Story,Story 1643,m.okafor,8,2026-05-11 02:56:45,30
1644,11,1,19,Bug,Bug 1644,j.tan,3,2026-05-11 21:32:29,30
1645,10,1,19,Story,Story 1645,m.okafor,5,2026-05-11 15:26:43,30
1646,11,1,19,Bug,Bug 1646,j.tan,,2026-05-12 08:50:08,30
1647,11,1,19,Story,Story 1647,j.tan,1,2026-05-11 17:01:46,30
1648,12,2,19,Story,Story 1648,l.moreau,8,2026-05-07 10:30:31,
1649,13,2,19,Bug,Bug 1649,l.moreau,,2026-05-11 15:21:29,
1650,13,2,19,Task,Task 1650,l.moreau,8,2026-05-07 10:34:57,30
1651,12,2,19,Story,Story 1651,l.moreau,2,2026-05-11 15:10:48,30
1652,12,2,19,Task,Task 1652,l.moreau,5,2026-05-11 04:04:10,30
1653,12,2,19,Story,Story 1653,d.byrne,2,2026-05-11 07:29:40,30
1654,13,2,19,Bug,Bug 1654,l.moreau,8,2026-05-11 09:49:42,30
1655,12,2,19,Task,Task 1655,l.moreau,8,2026-05-11 18:00:23,30
1656,12,2,19,Story,Story 1656,l.moreau,8,2026-05-11 19:55:35,30
1657,15,4,19,Story,Story 1657,a.kowalski,8,2026-05-12 18:56:00,30
1658,14,4,19,Bug,Bug 1658,p.nair,8,2026-05-12 17:37:32,30
1659,14,4,19,Bug,Bug 1659,p.nair,,2026-05-11 15:49:11,30
1660,15,4,19,Story,Story 1660,p.nair,1,2026-05-11 08:51:18,29
1661,14,4,19,Bug,Bug 1661,a.kowalski,13,2026-05-11 08:40:34,29
1662,15,4,19,Story,Story 1662,p.nair,3,2026-05-11 11:40:07,30
1663,15,4,19,Story,Story 1663,a.kowalski,3,2026-05-13 00:36:25,30
1664,14,4,19,Story,Story 1664,p.nair,,2026-05-11 16:37:11,30
1665,15,4,19,Story,Story 1665,p.nair,8,2026-05-11 02:02:23,
1666,15,4,19,Bug,Bug 1666,p.nair,,2026-05-11 19:04:17,30
1667,15,4,19,Story,Story 1667,p.nair,3,2026-05-11 04:44:21,29
1668,17,5,19,Story,Story 1668,h.ozturk,1,2026-05-11 02:42:36,
1669,16,5,19,Story,Story 1669,c.mendes,1,2026-05-11 19:04:52,29
1670,17,5,19,Bug,Bug 1670,c.mendes,5,2026-05-11 09:29:44,30
1671,16,5,19,Bug,Bug 1671,c.mendes,3,2026-05-07 15:28:44,30
1672,17,5,19,Bug,Bug 1672,c.mendes,5,2026-05-11 18:10:41,30
1673,16,5,19,Bug,Bug 1673,c.mendes,13,2026-05-08 10:31:41,30
1674,16,5,19,Story,Story 1674,c.mendes,5,2026-05-07 13:10:14,29
1675,16,5,19,Bug,Bug 1675,c.mendes,2,2026-05-11 02:03:01,30
1676,17,5,19,Story,Story 1676,c.mendes,8,2026-05-12 20:07:35,30
1677,17,5,19,Bug,Bug 1677,c.mendes,3,2026-05-11 08:49:22,
1678,17,5,19,Bug,Bug 1678,h.ozturk,,2026-05-11 09:45:52,29
1679,11,1,20,Bug,Bug 1679,j.tan,3,2026-05-25 04:06:18,
1680,10,1,20,Spike,Spike 1680,m.okafor,,2026-05-22 02:02:22,
1681,11,1,20,Task,Task 1681,r.silva,5,2026-05-26 22:18:31,
1682,11,1,20,Spike,Spike 1682,r.silva,,2026-05-21 17:15:38,
1683,10,1,20,Story,Story 1683,r.silva,,2026-05-26 10:59:00,
1684,11,1,20,Story,Story 1684,m.okafor,1,2026-05-25 23:03:43,
1685,11,1,20,Story,Story 1685,m.okafor,8,2026-05-25 23:36:34,
1686,10,1,20,Task,Task 1686,r.silva,8,2026-05-26 02:48:28,
1687,13,2,20,Story,Story 1687,d.byrne,5,2026-05-22 19:24:04,
1688,12,2,20,Bug,Bug 1688,d.byrne,5,2026-05-25 20:58:45,
1689,13,2,20,Task,Task 1689,d.byrne,5,2026-05-26 21:56:16,
1690,13,2,20,Bug,Bug 1690,l.moreau,2,2026-05-22 08:36:19,30
1691,13,2,20,Story,Story 1691,l.moreau,13,2026-05-25 17:12:30,
1692,12,2,20,Spike,Spike 1692,l.moreau,,2026-05-22 13:33:30,
1693,15,4,20,Story,Story 1693,s.rossi,2,2026-05-25 00:55:09,
1694,15,4,20,Task,Task 1694,a.kowalski,5,2026-05-22 06:12:10,
1695,15,4,20,Story,Story 1695,a.kowalski,8,2026-05-25 05:14:02,
1696,15,4,20,Bug,Bug 1696,p.nair,8,2026-05-25 00:28:42,30
1697,14,4,20,Story,Story 1697,p.nair,5,2026-05-22 13:38:36,
1698,17,5,20,Story,Story 1698,h.ozturk,,2026-05-25 09:44:32,
1699,17,5,20,Bug,Bug 1699,h.ozturk,2,2026-05-22 01:15:55,30
1700,16,5,20,Story,Story 1700,c.mendes,3,2026-05-25 12:33:28,
1701,17,5,20,Story,Story 1701,c.mendes,5,2026-05-21 22:21:01,
1702,16,5,20,Story,Story 1702,h.ozturk,1,2026-05-21 15:52:26,
1703,17,5,20,Task,Task 1703,c.mendes,5,2026-05-25 12:24:38,
1704,16,5,20,Bug,Bug 1704,h.ozturk,1,2026-05-22 23:11:09,30
