sprint_id,name,start_date,end_date
1,S01,2025-09-01,2025-09-14
2,S02,2025-09-15,2025-09-28
3,S03,2025-09-29,2025-10-12
4,S04,2025-10-13,2025-10-26
5,S05,2025-10-27,2025-11-09
6,S06,2025-11-10,2025-11-23
7,S07,2025-11-24,2025-12-07
8,S08,2025-12-08,2025-12-21
9,S09,2025-12-22,2026-01-04
10,S10,2026-01-05,2026-01-18
11,S11,2026-01-19,2026-02-01
12,S12,2026-02-02,2026-02-15
13,S13,2026-02-16,2026-03-01
14,S14,2026-03-02,2026-03-15
15,S15,2026-03-16,2026-03-29
16,S16,2026-03-30,2026-04-12
17,S17,2026-04-13,2026-04-26
18,S18,2026-04-27,2026-05-10
19,S19,2026-05-11,2026-05-24
20,S20,2026-05-25,2026-06-07
